generated_at,2026-01-30T08:07:40.738649+00:00
area,simulation_id,resolution_m,model,peak_intensity_mmh,total_precip_mm,file_rel_path,file_size_bytes,sha256
CREXDATA_Dortmund,simulation-0e85257f-3088-4bed-9d22-d1cc7474d422,4,deepwaive-5.1,90.0,100.0,CREXDATA_Dortmund/simulation-0e85257f-3088-4bed-9d22-d1cc7474d422/max_water_levels.tif,5117120,1341fa624663b9fcab96e554211d02b470360c5b4df0344a3f9cffa87dfbd10d
CREXDATA_Dortmund,simulation-2f8c503e-cfbe-4783-83db-3fe283df4d37,16,deepwaive-5.1-large,120.0,275.0,CREXDATA_Dortmund/simulation-2f8c503e-cfbe-4783-83db-3fe283df4d37/max_water_levels.tif,465557,c0d5007b34df2906e828dbbe362f44ffbbb5833376a98d58067f705e314e9e4d
CREXDATA_Dortmund,simulation-3d767298-7b2e-4d1f-a133-1cff80ac0e7b,1,deepwaive-5.1,72.0,176.5,CREXDATA_Dortmund/simulation-3d767298-7b2e-4d1f-a133-1cff80ac0e7b/max_water_levels.tif,65707994,b2741043189cc4f9325f39380b5064bb79b18bbd37bbb627b399dd4a9d57b820
CREXDATA_Dortmund,simulation-3e3fe413-2eb3-483c-9aee-32597498478f,4,deepwaive-5.1,90.0,65.8,CREXDATA_Dortmund/simulation-3e3fe413-2eb3-483c-9aee-32597498478f/max_water_levels.tif,4826163,95c514394fb190dc06a70ed389c9b4e78653745f87ebb8b5846e4ecd5bbec40e
CREXDATA_Dortmund,simulation-427d5309-97b6-492f-9508-48f2e9c3e010,16,deepwaive-5.1-large,120.0,275.0,CREXDATA_Dortmund/simulation-427d5309-97b6-492f-9508-48f2e9c3e010/max_water_levels.tif,441262,4496b44c019524c973e873c11546abead6557859368b13040721e88f6c235109
CREXDATA_Dortmund,simulation-4398676a-3db8-4643-8a52-b6419f2207f2,16,deepwaive-5.1,120.0,275.0,CREXDATA_Dortmund/simulation-4398676a-3db8-4643-8a52-b6419f2207f2/max_water_levels.tif,416270,b0fd47cc4316bfbe2b8784c8ac48f66e9fa43f3d59be1b38911e36f588aa90a5
CREXDATA_Dortmund,simulation-49d61051-f852-4cf2-880a-b1554d0ec6d6,2,deepwaive-5.1-large,120.0,120.0,CREXDATA_Dortmund/simulation-49d61051-f852-4cf2-880a-b1554d0ec6d6/max_water_levels.tif,17897589,2e69fac3324438f11c3bcf978d60f1ab88b9271e7111f94bc02d115a8a272f8a
CREXDATA_Dortmund,simulation-4d210b76-e391-4ad7-801c-969fdb908555,8,deepwaive-5.1,90.0,65.8,CREXDATA_Dortmund/simulation-4d210b76-e391-4ad7-801c-969fdb908555/max_water_levels.tif,1269254,a46d4ff7b2e1277d3575a059bd6b4cc4b00c9c85c8dc761f6ba503a2069b9003
CREXDATA_Dortmund,simulation-66953d0c-74ae-4372-a3ac-c11bad862fed,4,deepwaive-5.1,90.0,90.0,CREXDATA_Dortmund/simulation-66953d0c-74ae-4372-a3ac-c11bad862fed/max_water_levels.tif,5144803,81b4d85a8109bd888d03a5a937080b30553c65cba4babf4ffd3cfef5f66ad754
CREXDATA_Dortmund,simulation-8c3b353f-b52b-4171-b85f-c423c149aea0,16,deepwaive-5.1-large,120.0,275.0,CREXDATA_Dortmund/simulation-8c3b353f-b52b-4171-b85f-c423c149aea0/max_water_levels.tif,441262,4496b44c019524c973e873c11546abead6557859368b13040721e88f6c235109
CREXDATA_Dortmund,simulation-97468699-ba85-4c12-a683-3e5d8a0af766,4,deepwaive-5.1,90.0,65.8,CREXDATA_Dortmund/simulation-97468699-ba85-4c12-a683-3e5d8a0af766/max_water_levels.tif,4826163,95c514394fb190dc06a70ed389c9b4e78653745f87ebb8b5846e4ecd5bbec40e
CREXDATA_Dortmund,simulation-b20677cf-ed56-4ede-8b09-a202d916112c,8,deepwaive-5.1,90.0,65.8,CREXDATA_Dortmund/simulation-b20677cf-ed56-4ede-8b09-a202d916112c/max_water_levels.tif,1269254,a46d4ff7b2e1277d3575a059bd6b4cc4b00c9c85c8dc761f6ba503a2069b9003
CREXDATA_Dortmund,simulation-daf66b6d-1666-4671-954f-52f7fc656ac2,16,deepwaive-5.1-large,120.0,275.0,CREXDATA_Dortmund/simulation-daf66b6d-1666-4671-954f-52f7fc656ac2/max_water_levels.tif,441879,0dab0cb2a9a43735d02a9fcfef0910fcb3b055487eed6572fed50d6b921b00f5
CREXDATA_Dortmund,simulation-fefa81a1-ec36-4e97-9984-5b034129a01d,8,deepwaive-5.1,90.0,65.8,CREXDATA_Dortmund/simulation-fefa81a1-ec36-4e97-9984-5b034129a01d/max_water_levels.tif,1269254,a46d4ff7b2e1277d3575a059bd6b4cc4b00c9c85c8dc761f6ba503a2069b9003
CREXDATA_Dortmund_DRZ,simulation-006c0bd8-178c-4ef9-be66-3045a8b03f58,1,deepwaive-5.1,90.0,90.0,CREXDATA_Dortmund_DRZ/simulation-006c0bd8-178c-4ef9-be66-3045a8b03f58/max_water_levels.tif,104767211,61feb2b1f221903e76dc415803d525f53d5c04b1e820f2dbe1263709afbb8d97
CREXDATA_Dortmund_DRZ,simulation-049e4d51-4f22-4e65-95b4-8a94c9592fc3,2,deepwaive-5.1-large,100.0,100.0,CREXDATA_Dortmund_DRZ/simulation-049e4d51-4f22-4e65-95b4-8a94c9592fc3/max_water_levels.tif,29270064,a73622b085675f3383063d651ba899668ab2b8d1e4fdfebf3797e17fe5010d34
CREXDATA_Dortmund_DRZ,simulation-12d04b84-9387-41d1-a0f8-c77fc4ec7532,4,deepwaive-5.1,90.0,90.0,CREXDATA_Dortmund_DRZ/simulation-12d04b84-9387-41d1-a0f8-c77fc4ec7532/max_water_levels.tif,8858894,e8b5073330e818ae64bd717a3062f9ad0f8bcc67e7e7c4b2fab73822afdc17e1
CREXDATA_Dortmund_DRZ,simulation-14b5d73b-2aa4-44a5-a26a-9653e7e2de52,4,deepwaive-5.1,90.0,90.0,CREXDATA_Dortmund_DRZ/simulation-14b5d73b-2aa4-44a5-a26a-9653e7e2de52/max_water_levels.tif,8896923,8c41bae3143583e29a4e94ba30b227a45120b8fb76bcd78a5085f3b35452fb2e
CREXDATA_Dortmund_DRZ,simulation-2ff9c713-07d2-4431-8496-58d069f25ae8,1,deepwaive-5.1,90.0,90.0,CREXDATA_Dortmund_DRZ/simulation-2ff9c713-07d2-4431-8496-58d069f25ae8/max_water_levels.tif,104833229,12ae48065ad3c00fbab7957930bbfca733b6105a288a971d9b1f634c62ebcfc8
CREXDATA_Dortmund_DRZ,simulation-3cadc511-54b6-44c8-88b2-7568598749b6,2,deepwaive-5.1-large,100.0,100.0,CREXDATA_Dortmund_DRZ/simulation-3cadc511-54b6-44c8-88b2-7568598749b6/max_water_levels.tif,29258324,d1681bf23305fe44916a3740d8eb15c309e5f9c7d9bd6f878bfab84fa5cb9ff9
CREXDATA_Dortmund_DRZ,simulation-4e65249f-15aa-4290-aee3-9b66d5307575,4,deepwaive-5.1,90.0,90.0,CREXDATA_Dortmund_DRZ/simulation-4e65249f-15aa-4290-aee3-9b66d5307575/max_water_levels.tif,8896723,4dfcd4b2d4cc82cc98ca1690322e2b55aa7782beaee90b84098f79b7be1bff2c
CREXDATA_Dortmund_DRZ,simulation-70c0a936-f1bb-4547-a8e3-6c810277def6,8,deepwaive-5.1-large,90.0,65.8,CREXDATA_Dortmund_DRZ/simulation-70c0a936-f1bb-4547-a8e3-6c810277def6/max_water_levels.tif,2264787,bc43493257a07efa16e53c363ca2256305442c3f0c5702446f3665f9a9c311b5
CREXDATA_Dortmund_DRZ,simulation-7a598ba5-e55d-43b4-b814-0c5e4f00719e,4,deepwaive-5.1,80.0,80.0,CREXDATA_Dortmund_DRZ/simulation-7a598ba5-e55d-43b4-b814-0c5e4f00719e/max_water_levels.tif,8635379,aaeaced87d67b21964bf00d772aae51ee166a3280fb86527c19fbbf463cd2b4d
CREXDATA_Dortmund_DRZ,simulation-82691fab-d434-4946-aac5-1c3914ef56a7,1,deepwaive-5.1,90.0,90.0,CREXDATA_Dortmund_DRZ/simulation-82691fab-d434-4946-aac5-1c3914ef56a7/max_water_levels.tif,104837893,f7513b283950997a2202ae909dc64771256f85e6fe56de04c5252bd103281e3e
CREXDATA_Dortmund_DRZ,simulation-a5564dc5-da55-491d-9bd9-4ec66969ac99,8,deepwaive-5.1,90.0,90.0,CREXDATA_Dortmund_DRZ/simulation-a5564dc5-da55-491d-9bd9-4ec66969ac99/max_water_levels.tif,2543389,359be6923f442bf32f50c36be7a9313c34b1bbb1b534272d65d8b9dd2cc07c79
CREXDATA_Dortmund_DRZ,simulation-ac27368f-2f4a-4adc-a4ef-6d828cb401fc,4,deepwaive-5.1,110.0,110.0,CREXDATA_Dortmund_DRZ/simulation-ac27368f-2f4a-4adc-a4ef-6d828cb401fc/max_water_levels.tif,9356362,f73b319f84afd844e14563148166784eaa0c7d4c97fe8b024825144301cd4fa0
CREXDATA_Dortmund_DRZ,simulation-bbafa906-3fed-48f9-ba0c-6f464795f6f5,4,deepwaive-5.2,90.0,65.8,CREXDATA_Dortmund_DRZ/simulation-bbafa906-3fed-48f9-ba0c-6f464795f6f5/max_water_levels.tif,6490962,39fcfc4fef5bbcb2105a34ada2b738994506313097c00041d1b10539d55810bc
CREXDATA_Dortmund_DRZ,simulation-d134b9fc-d295-439c-8111-5d0aabdc91f0,4,deepwaive-5.1,20.0,15.0,CREXDATA_Dortmund_DRZ/simulation-d134b9fc-d295-439c-8111-5d0aabdc91f0/max_water_levels.tif,5336018,ab93db3055854c6269d4e04da68db8c7047f80f2672e9a5f78b7f68383555d17
CREXDATA_Dortmund_DRZ,simulation-d32798eb-f4f2-49eb-89b2-32526ae3f546,1,deepwaive-5.1,90.0,90.0,CREXDATA_Dortmund_DRZ/simulation-d32798eb-f4f2-49eb-89b2-32526ae3f546/max_water_levels.tif,104839480,b113ac27b5771f9ff52d75c7f1dbd863eaeb4bc88c1cc16fcbb48547a4183597
CREXDATA_Dortmund_DRZ,simulation-e71c76da-f645-4de8-80d4-9e34046382f5,2,deepwaive-5.1-large,100.0,100.0,CREXDATA_Dortmund_DRZ/simulation-e71c76da-f645-4de8-80d4-9e34046382f5/max_water_levels.tif,29268664,a9553512099fea73f9964f2e952cc871af6940a336c9c0ea675a96c08b23c7db
CREXDATA_Dortmund_DRZ,simulation-ed3f4a2c-b525-400d-b1ce-cde6900c5881,4,deepwaive-5.1,90.0,100.0,CREXDATA_Dortmund_DRZ/simulation-ed3f4a2c-b525-400d-b1ce-cde6900c5881/max_water_levels.tif,8907660,4692be40ac8d8dce163c01f44e8979e08a4487b9869ca9b230435444ee05f2e0
CREXDATA_Dortmund_DRZ,simulation-f2fafb5b-9b48-49cb-bc6c-66b566a3bcf3,4,deepwaive-5.1,60.0,60.0,CREXDATA_Dortmund_DRZ/simulation-f2fafb5b-9b48-49cb-bc6c-66b566a3bcf3/max_water_levels.tif,7972964,c289b02eff3039ee280a22725382c6a1ce602b161f415e754752065db75c899a
CREXDATA_Dortmund_DRZ,simulation-f4977cbd-3391-46e9-a968-e29268628eb2,4,deepwaive-5.1,110.0,110.0,CREXDATA_Dortmund_DRZ/simulation-f4977cbd-3391-46e9-a968-e29268628eb2/max_water_levels.tif,9355548,5bd3c456c8ec76ecc0c85558103b97a654e886c23e3fdbadc04028f45fb4908d
CREXDATA_Innsbruck,simulation-27e8e95a-b38d-40b7-b35c-4f3b58f98a25,1,deepwaive-5.1,90.0,90.0,CREXDATA_Innsbruck/simulation-27e8e95a-b38d-40b7-b35c-4f3b58f98a25/max_water_levels.tif,54396986,82cf2f5eb4cedce1b41039c3fb3227985aee24d7e09df8003fd0a9220bf8bdd5
CREXDATA_Innsbruck,simulation-41373cad-30a8-4fb6-8a73-83a239e642d1,1,deepwaive-5.1,90.0,90.0,CREXDATA_Innsbruck/simulation-41373cad-30a8-4fb6-8a73-83a239e642d1/max_water_levels.tif,38252182,1e99d9c4f98d8956cb248d8793ea1de4fbb0d53b150663295298ddf2c1477acc
CREXDATA_Innsbruck,simulation-4da68957-54f6-4668-aabc-277ef98749d5,1,deepwaive-5.1,90.0,90.0,CREXDATA_Innsbruck/simulation-4da68957-54f6-4668-aabc-277ef98749d5/max_water_levels.tif,38218096,84de4ba1dd901eb8c34c523a14324aa6cc0c3cf6b5bc67ba10c8ed974f73c2a7
CREXDATA_Innsbruck,simulation-50096bce-03d4-44ad-9688-aade6bb0d0a6,4,deepwaive-5.1,30.0,30.0,CREXDATA_Innsbruck/simulation-50096bce-03d4-44ad-9688-aade6bb0d0a6/max_water_levels.tif,2478877,e66ba4a7c0777a75ac28f4c09a8298c6c186d2796ea31261cc652856e50e1da1
CREXDATA_Innsbruck,simulation-52561ea4-3167-43d7-b7d9-4816827e2051,1,deepwaive-5.1,87.6,26.3,CREXDATA_Innsbruck/simulation-52561ea4-3167-43d7-b7d9-4816827e2051/max_water_levels.tif,21425411,d2bab67bbe0cd8322c416576e6a4510874312fcb76eb601e19b5a69deb45acd3
CREXDATA_Innsbruck,simulation-59e0d485-6f2b-403f-b970-29dfd503d350,1,deepwaive-5.1,90.0,90.0,CREXDATA_Innsbruck/simulation-59e0d485-6f2b-403f-b970-29dfd503d350/max_water_levels.tif,54407249,67d9a2137c28bacc7a17e501a0df3f813f77d77057b05f74cb4b7c23866f0392
CREXDATA_Innsbruck,simulation-771f1d9f-ad80-4b58-87ae-d01eec6a74c6,1,deepwaive-5.1-s3,90.0,90.0,CREXDATA_Innsbruck/simulation-771f1d9f-ad80-4b58-87ae-d01eec6a74c6/max_water_levels.tif,58747174,a9aa0a635504f95fee6e33086961abe6f8b1fb262c6ad3f736497064482a002b
CREXDATA_Innsbruck,simulation-7bdf31db-e0bf-44c5-bcb7-40a0a9bac1f3,1,deepwaive-5.1,87.6,26.3,CREXDATA_Innsbruck/simulation-7bdf31db-e0bf-44c5-bcb7-40a0a9bac1f3/max_water_levels.tif,21425411,d2bab67bbe0cd8322c416576e6a4510874312fcb76eb601e19b5a69deb45acd3
CREXDATA_Innsbruck,simulation-82d84778-d03d-43b9-92e8-302fa4286588,1,deepwaive-5.1-s3,90.0,90.0,CREXDATA_Innsbruck/simulation-82d84778-d03d-43b9-92e8-302fa4286588/max_water_levels.tif,58747174,a9aa0a635504f95fee6e33086961abe6f8b1fb262c6ad3f736497064482a002b
CREXDATA_Innsbruck,simulation-c8bca583-b41c-41a5-8528-8580445d9420,1,deepwaive-5.1,90.0,90.0,CREXDATA_Innsbruck/simulation-c8bca583-b41c-41a5-8528-8580445d9420/max_water_levels.tif,38252182,1e99d9c4f98d8956cb248d8793ea1de4fbb0d53b150663295298ddf2c1477acc
CREXDATA_Innsbruck,simulation-d34f8642-e3bd-444e-a503-6e249ba47e31,4,deepwaive-5.1,60.0,90.0,CREXDATA_Innsbruck/simulation-d34f8642-e3bd-444e-a503-6e249ba47e31/max_water_levels.tif,3389867,e70dc10b7a1f5be1dc633b5095a581343efbea06acbf00104370d52bef5b4bf5
CREXDATA_Innsbruck,simulation-ddab0a82-b968-4893-9cb9-9340f68fee5d,1,deepwaive-5.1,87.6,26.3,CREXDATA_Innsbruck/simulation-ddab0a82-b968-4893-9cb9-9340f68fee5d/max_water_levels.tif,21425411,d2bab67bbe0cd8322c416576e6a4510874312fcb76eb601e19b5a69deb45acd3
CREXDATA_Innsbruck,simulation-e42ee7a7-1969-4957-9c72-ff124a7493fe,4,deepwaive-5.1,30.0,35.0,CREXDATA_Innsbruck/simulation-e42ee7a7-1969-4957-9c72-ff124a7493fe/max_water_levels.tif,2485486,383e4aecd530fa10ab195c7b1cdf30b1f493ed123f69843ad7e1af21a2019e1a
